Feature,Importance
P,0.2211837507056192
Humidity,0.2068710745894684
K,0.20513612446511365
N,0.19113151266699774
Temp,0.17567753757280105
